Category,Tag 1,Tag 2,Tag 3,Tag 4,Tag 5
Automation and Task Management,Automation of repetitive and mundane tasks,Personal organization and time management,,,
Communication and Content Creation,Changes in social media and online content,Content creation and idea generation,Impact on creativity and critical thinking,"Improved writing, editing, and communication",
Efficiency and Productivity,Improved decision-making and problem-solving,Increased efficiency and productivity,Reduced stress and workload,,
Emotional and Social Impact,Emotional support and companionship from AI,Greater confidence and independence,Reduced human interaction and increased reliance on AI,,
Employment and Professional Impact,Job displacement and employment concerns,Professional development and upskilling,,,
Information Access and Knowledge Discovery,AI replacing traditional search engines,Changes in research and knowledge discovery methods,Enhanced learning and study support,Faster and easier access to information,Language translation and language learning
Integration of AI in Daily Life and Technology,AI integration in smart devices and home automation,AI-powered customer service and chatbots,Convenience in daily life and routine tasks,Increased use and normalization of AI in daily life,
Personalization and Recommendations,Financial and investment assistance,Health and wellness support,Personalized recommendations and advice,,
"Privacy, Security, and Misinformation Concerns",Concerns about misinformation and AI-generated content,Privacy and data security concerns,,,
Uncategorized,Other,,,,
,Uninformative answer,,,,
